[
  {
    "model": "core.currency",
    "pk": 1,
    "fields": {
      "code": "EUR",
      "symbol": "€",
      "decimals": 2
    }
  },
  {
    "model": "core.currency",
    "pk": 2,
    "fields": {
      "code": "USD",
      "symbol": "$",
      "decimals": 2
    }
  },
  {
    "model": "core.currency",
    "pk": 3,
    "fields": {
      "code": "GBP",
      "symbol": "£",
      "decimals": 2
    }
  },
  {
    "model": "core.accounttype",
    "pk": 1,
    "fields": {
      "name": "Savings"
    }
  },

  {
    "model": "core.accounttype",
    "pk": 3,
    "fields": {
      "name": "Investments"
    }
  }
]
